Workbook

Sheet Wunschliste
A1: Wunschliste
A2: Experimente | B2: Anzahl
A3: Michelson Interferometer | B3: 1
A4: Michelson + Piezo | B4: 1
A5: Mach-Zehnder-Interferometer | B5: 1
A6: Quantenradierer | B6: 1
A7: Gitter & Spalte | B7: 1
A8: Polarisation | B8: 1
A9: BB84 | B9: 0
A11: Extrawürfel
A12: Grundplatte 4x3 2St. | B12: 0
A13: Grundplatte 4x6 | B13: 0
A14: Strahlteiler | B14: 0
A15: Strahlteiler 44,2° | B15: 0
A16: Laser 3V | B16: 0
A17: LED-Würfel | B17: 0
A18: Batteriekasten | B18: 0
A19: Taster | B19: 0
A20: Laser 5V + USB | B20: 0
A21: Spiegel 90° | B21: 0
A22: Spiegel 90° - Piezo | B22: 0
A23: Spiegel 45° | B23: 0
... A33: BB84 Zufallswürfel | B33: 0

Sheet Bauteile nach Würfeln
A1: Bauteile | B1: Bezugsquelle | C1: Summe Module | D1: Grundplatte 4x3 2St. | E1: Grundplatte 4x6 | F1: Strahlteiler | G1: Strahlteiler 44,2° | H1: Laser 3V | I1: LED-Würfel | J1: Batteriekasten | K1: Taster | L1: Laser 5V + USB | M1: Spiegel 90° | N1: Spiegel 90° - Piezo | O1: Spiegel 45° | P1: Linse 15mm | Q1: Linse 26,5mm | R1: Linse 65mm | S1: Polfilter | T1: Gitterhalter | U1: Schirm | V1: Zielhilfe | W1: Paar Basispolfilter | X1: Gekoppelter Polfilter | Y1: BB84 Zufallswürfel
A2: Benötigt für ausgewählte Sets | C2: =SUM(L2:W2) -> 18 | D2: {=MAX(D102:D108*$C102:$C108)+SUM(D110:D130*$C110:$C130)} -> 1 | E2: {=MAX(E102:E108*$C102:$C108)+SUM(E110:E130*$C110:$C130)} -> 0 | F2: {=MAX(F102:F108*$C102:$C108)+SUM(F110:F130*$C110:$C130)} -> 2 | G2: {=MAX(G102:G108*$C102:$C108)+SUM(G110:G130*$C110:$C130)} -> 0 | H2: {=MAX(H102:H108*$C102:$C108)+SUM(H110:H130*$C110:$C130)} -> 1 | I2: {=MAX(I102:I108*$C102:$C108)+SUM(I110:I130*$C110:$C130)} -> 1 | J2: {=MAX(J102:J108*$C102:$C108)+SUM(J110:J130*$C110:$C130)} -> 1 | K2: {=MAX(K102:K108*$C102:$C108)+SUM(K110:K130*$C110:$C130)} -> 0 | ... X2: {=MAX(X102:X108*$C102:$C108)+SUM(X110:X130*$C110:$C130)} -> 0 | Y2: {=MAX(Y102:Y108*$C102:$C108)+SUM(Y110:Y131*$C110:$C131)} -> 0
A3: 00A_Sw_V1_Grundplatte 4x6 | B3: https://o3q.de/anleitungen-dateien/ | C3: =SUMPRODUCT(D3:Y3,D$2:Y$2) -> 0 | D3: 0 | E3: 1
A4: 00B_Sw_V2_Grundplatte_Verb. 4x3 | B4: https://o3q.de/anleitungen-dateien/ | C4: =SUMPRODUCT(D4:Y4,D$2:Y$2) -> 2 | D4: 2
A5: 00B_Sw_V2_Verbinder_Gr.P | B5: https://o3q.de/anleitungen-dateien/ | C5: =SUMPRODUCT(D5:Y5,D$2:Y$2) -> 3 | D5: 3
A6: 01A_Go_V1_Würfelboden 1x1 | B6: https://o3q.de/anleitungen-dateien/ | C6: =SUMPRODUCT(D6:Y6,D$2:Y$2) -> 18 | F6: 1 | G6: 1 | H6: 1 | I6: 1 | L6: 1 | M6: 1 | N6: 1 | O6: 1 | P6: 1 | Q6: 1 | R6: 1 | S6: 1
A7: 01B_Go_V1_Würfelboden 1x1_geschlossen | B7: https://o3q.de/anleitungen-dateien/ | C7: =SUMPRODUCT(D7:Y7,D$2:Y$2) -> 1 | K7: 1 | T7: 1
A8: 01C_Go_V1_Würfelboden 1x2 | B8: https://o3q.de/anleitungen-dateien/ | C8: =SUMPRODUCT(D8:Y8,D$2:Y$2) -> 0 | X8: 1
A9: 01D_Go_V1_Batteriekasten_Boden | B9: https://o3q.de/anleitungen-dateien/ | C9: =SUMPRODUCT(D9:Y9,D$2:Y$2) -> 1 | J9: 1
A10: 01E_Go_V1_Basispolfilter_Boden | B10: https://o3q.de/anleitungen-dateien/ | C10: =SUMPRODUCT(D10:Y10,D$2:Y$2) -> 0 | W10: 4
A11: 07A_Go_V1_Basiswürfel | B11: https://o3q.de/anleitungen-dateien/ | C11: =SUMPRODUCT(D11:Y11,D$2:Y$2) -> 0 | Y11: 2
A12: 07B_Go_V1_Bitwürfel | B12: https://o3q.de/anleitungen-dateien/ | C12: =SUMPRODUCT(D12:Y12,D$2:Y$2) -> 0 | Y12: 2
A13: 02A_Br_V1_Würfeldeckel 1x1 | B13: https://o3q.de/anleitungen-dateien/ | C13: =SUMPRODUCT(D13:Y13,D$2:Y$2) -> 18 | F13: 1 | G13: 1 | H13: 1 | I13: 1 | L13: 1 | M13: 1 | N13: 1 | O13: 1 | P13: 1 | Q13: 1 | R13: 1 | S13: 1
A14: 02B_V1_Würfeldeckel 1x1_Taster | B14: https://o3q.de/anleitungen-dateien/ | C14: =SUMPRODUCT(D14:Y14,D$2:Y$2) -> 0 | K14: 1
A15: 02C_Br_V1_Würfeldeckel 1x2 | B15: https://o3q.de/anleitungen-dateien/ | C15: =SUMPRODUCT(D15:Y15,D$2:Y$2) -> 0 | X15: 1
A16: 02D_Br_V1_Batteriekasten_Deckel | B16: https://o3q.de/anleitungen-dateien/ | C16: =SUMPRODUCT(D16:Y16,D$2:Y$2) -> 1 | J16: 1
A17: 05A_Si_V1_Gitterhalter_Rahmen | B17: https://o3q.de/anleitungen-dateien/ | C17: =SUMPRODUCT(D17:Y17,D$2:Y$2) -> 1 | T17: 1
A18: 05A_Si_V1_Gitterhalter_Stopper | B18: https://o3q.de/anleitungen-dateien/ | C18: =SUMPRODUCT(D18:Y18,D$2:Y$2) -> 1 | T18: 1
A19: 05A_Si_V1_Gitterhalter_Schlitten | B19: https://o3q.de/anleitungen-dateien/ | C19: =SUMPRODUCT(D19:Y19,D$2:Y$2) -> 1 | T19: 1
A20: 06A_Si_V1_Basispolfilter_Filterabdeckung | B20: https://o3q.de/anleitungen-dateien/ | C20: =SUMPRODUCT(D20:Y20,D$2:Y$2) -> 0 | W20: 2
A21: 06B_Si_+Basispolfilter_Mitte | B21: https://o3q.de/anleitungen-dateien/ | C21: =SUMPRODUCT(D21:Y21,D$2:Y$2) -> 0 | W21: 1
A22: 06C_Si_xBasispolfilter_Mitte | B22: https://o3q.de/anleitungen-dateien/ | C22: =SUMPRODUCT(D22:Y22,D$2:Y$2) -> 0 | W22: 1
A23: 10A_Si_V1_Einsatz 90° | B23: https://o3q.de/anleitungen-dateien/ | C23: =SUMPRODUCT(D23:Y23,D$2:Y$2) -> 5 | H23: 1 | I23: 1 | L23: 1 | M23: 1 | N23: 1
A24: 10B_Si_V1_Einsatz 45° | B24: https://o3q.de/anleitungen-dateien/ | C24: =SUMPRODUCT(D24:Y24,D$2:Y$2) -> 3 | O24: 1
A25: 11A_Si_V1_Laserplatte | B25: https://o3q.de/anleitungen-dateien/ | C25: =SUMPRODUCT(D25:Y25,D$2:Y$2) -> 1 | H25: 1 | L25: 1
A26: 11A_Si_V1_Laser_Zugentlastung | B26: https://o3q.de/anleitungen-dateien/ | C26: =SUMPRODUCT(D26:Y26,D$2:Y$2) -> 1 | H26: 1 | L26: 1
A27: 11B_Si_V1_LEDplatte | B27: https://o3q.de/anleitungen-dateien/ | C27: =SUMPRODUCT(D27:Y27,D$2:Y$2) -> 1 | I27: 1
A28: 11C_Si_V1_Spiegelplatte | B28: https://o3q.de/anleitungen-dateien/ | C28: =SUMPRODUCT(D28:Y28,D$2:Y$2) -> 5 | M28: 1 | O28: 1
A29: 11D_Si_V1_Spiegelplatte_Piezo | B29: https://o3q.de/anleitungen-dateien/ | C29: =SUMPRODUCT(D29:Y29,D$2:Y$2) -> 1 | N29: 1
A30: 12A_Si_V1_Strahlteiler_Oben | B30: https://o3q.de/anleitungen-dateien/ | C30: =SUMPRODUCT(D30:Y30,D$2:Y$2) -> 2 | F30: 1 | G30: 1
A31: 12A_Si_V1_Strahlteiler_Klemme | B31: https://o3q.de/anleitungen-dateien/ | C31: =SUMPRODUCT(D31:Y31,D$2:Y$2) -> 2 | F31: 1
A32: 12A_Si_V1_Strahlteiler_Unten | B32: https://o3q.de/anleitungen-dateien/ | C32: =SUMPRODUCT(D32:Y32,D$2:Y$2) -> 2 | F32: 1
A33: 12B_Si_V3_Strahlteiler_Klemme 42,2° | B33: https://o3q.de/anleitungen-dateien/ | C33: =SUMPRODUCT(D33:Y33,D$2:Y$2) -> 0 | G33: 1
A34: 12B_Si_V3_Strahlteiler_Unten 42,2° | B34: https://o3q.de/anleitungen-dateien/ | C34: =SUMPRODUCT(D34:Y34,D$2:Y$2) -> 0 | G34: 1
A35: 13A_Si_V0_Linsenhalter | B35: https://o3q.de/anleitungen-dateien/ | C35: =SUMPRODUCT(D35:Y35,D$2:Y$2) -> 0
A36: 13B_Si_V1_Linsenhalter_f=15mm | B36: https://o3q.de/anleitungen-dateien/ | C36: =SUMPRODUCT(D36:Y36,D$2:Y$2) -> 1 | P36: 1
A37: 13C_Si_V1_Linsenhalter_f=26,5mm | B37: https://o3q.de/anleitungen-dateien/ | C37: =SUMPRODUCT(D37:Y37,D$2:Y$2) -> 1 | Q37: 1
A38: 13D_Si_V1_Linsenhalter_f=65mm | B38: https://o3q.de/anleitungen-dateien/ | C38: =SUMPRODUCT(D38:Y38,D$2:Y$2) -> 1 | R38: 1
A39: 14A_Si_V1_Polfilter_Halteplatte | B39: https://o3q.de/anleitungen-dateien/ | C39: =SUMPRODUCT(D39:Y39,D$2:Y$2) -> 5 | S39: 1
A40: 14A_Si_V1_Polfilter_Zwischenplatte | B40: https://o3q.de/anleitungen-dateien/ | C40: =SUMPRODUCT(D40:Y40,D$2:Y$2) -> 5 | S40: 1
A41: 14A_Si_V1_Polfilter_Frontplatte | B41: https://o3q.de/anleitungen-dateien/ | C41: =SUMPRODUCT(D41:Y41,D$2:Y$2) -> 5 | S41: 1
A42: 21A_Si_V1_Koppelpolfilter_Frontplatte | B42: https://o3q.de/anleitungen-dateien/ | C42: =SUMPRODUCT(D42:Y42,D$2:Y$2) -> 0 | X42: 1
A43: 21A_Si_V1_Koppelpolfilter_Halteplatte | B43: https://o3q.de/anleitungen-dateien/ | C43: =SUMPRODUCT(D43:Y43,D$2:Y$2) -> 0 | X43: 1
A44: 21A_Si_V1_Koppelpolfilter_Zwischenplatte | B44: https://o3q.de/anleitungen-dateien/ | C44: =SUMPRODUCT(D44:Y44,D$2:Y$2) -> 0 | X44: 1
A45: 21A_Si_V1_Koppelpolfilter_Zahnrad_links | B45: https://o3q.de/anleitungen-dateien/ | C45: =SUMPRODUCT(D45:Y45,D$2:Y$2) -> 0 | X45: 1
A46: 21A_Si_V1_Koppelpolfilter_Zahnrad_rechts | B46: https://o3q.de/anleitungen-dateien/ | C46: =SUMPRODUCT(D46:Y46,D$2:Y$2) -> 0 | X46: 1
A47: 21A_Si_V1_Koppelpolfilter_Gittereinsatz | B47: https://o3q.de/anleitungen-dateien/ | C47: =SUMPRODUCT(D47:Y47,D$2:Y$2) -> 0 | X47: 2
A48: 04A_We_V1_Schirm Basis | B48: https://o3q.de/anleitungen-dateien/ | C48: =SUMPRODUCT(D48:Y48,D$2:Y$2) -> 3 | U48: 1 | V48: 1
A49: 04B_We_V1_Schirm | B49: https://o3q.de/anleitungen-dateien/ | C49: =SUMPRODUCT(D49:Y49,D$2:Y$2) -> 2 | U49: 1
A50: 04C_We_V1_Lochblende | B50: https://o3q.de/anleitungen-dateien/ | C50: =SUMPRODUCT(D50:Y50,D$2:Y$2) -> 1 | V50: 1
A51: 03A_Ro_V1_Stellschraube_Kopf | B51: https://o3q.de/anleitungen-dateien/ | C51: =SUMPRODUCT(D51:Y51,D$2:Y$2) -> 16 | H51: 2 | I51: 2 | L51: 2 | M51: 2 | N51: 2 | O51: 2
A52: 05A_Ro_V1_Gitterhalter_Drehknopf | B52: https://o3q.de/anleitungen-dateien/ | C52: =SUMPRODUCT(D52:Y52,D$2:Y$2) -> 1 | T52: 1
A53: 06A_Ro_Basispolfilter_Griff | B53: https://o3q.de/anleitungen-dateien/ | C53: =SUMPRODUCT(D53:Y53,D$2:Y$2) -> 0 | W53: 2
A54: 14A_Ro_V1_Polfilter_Rad | B54: https://o3q.de/anleitungen-dateien/ | C54: =SUMPRODUCT(D54:Y54,D$2:Y$2) -> 5 | S54: 1
A55: 14A_Ro_V1_Polfilter_Filterabdeckung | B55: https://o3q.de/anleitungen-dateien/ | C55: =SUMPRODUCT(D55:Y55,D$2:Y$2) -> 5 | S55: 1
A56: 21A_Ro_V1_Koppelpolfilter_Schalter | B56: https://o3q.de/anleitungen-dateien/ | C56: =SUMPRODUCT(D56:Y56,D$2:Y$2) -> 0 | X56: 1
A58: Reichelt
A59: Laserdiode 3V | B59: https://www.reichelt.de/punkt-lasermodul-rot-650-nm-3-vdc-6-5x17-mm-klasse-2-pico-70115864-p254429.html?CCOUNTRY=445&LANGUAGE=de&trstct=pos_12&nbc=1&&r=1 | C59: =SUMPRODUCT(D59:Y59,D$2:Y$2) -> 1 | H59: 1
A60: Laserdiode 5V | B60: https://www.reichelt.de/punkt-lasermodul-rot-650-nm-5-vdc-7x14-mm-klasse-2-pico-70107388-p254568.html?&trstct=pos_1&nbc=1 oder https://shop.picotronic.de/detail/e5b4d5483d95494c9cddf3939cdfca1d | C60: =SUMPRODUCT(D60:Y60,D$2:Y$2) -> 0 | L60: 1
A61: USB-Kabel mit Schalter | B61: https://www.reichelt.de/raspberry-pi-kabel-mit-schalter-100-cm-schwarz-rpi-cable-sw-100-p242762.html?&nbc=1 | C61: =SUMPRODUCT(D61:Y61,D$2:Y$2) -> 0 | L61: 1
A62: Hohlstecker | B62: https://www.reichelt.de/hohlstecker-knickschutz-aussen-5-5-mm-innen-2-5-mm-hs-25-9-p8649.html?&trstct=pol_9&nbc=1 | C62: =SUMPRODUCT(D62:Y62,D$2:Y$2) -> 2 | H62: 1 | I62: 1 | K62: 1
A63: Hohlbuchse | B63: https://www.reichelt.de/einbaubuchse-aussen-5-6-mm-innen-2-5-mm-dc-072342l-p196471.html?&trstct=pol_15&nbc=1 | C63: =SUMPRODUCT(D63:Y63,D$2:Y$2) -> 1 | J63: 1 | K63: 1
A64: Umschalter beleuchtet | B64: https://www.reichelt.de/kipphebelschalter-rund-1x-ein-aus-teilbel-rt-ws-r13-112-lpla-p105448.html?&trstct=pos_0&nbc=1 | C64: =SUMPRODUCT(D64:Y64,D$2:Y$2) -> 1 | J64: 1
A65: Taster | B65: https://www.reichelt.de/micro-arcade-button-mit-mikrostaster-27-1-mm-schwarz-arc-button-mc-bk-p252669.html?&trstct=pol_1&nbc=1 | C65: =SUMPRODUCT(D65:Y65,D$2:Y$2) -> 0 | K65: 1
A66: Batteriehalter AA | B66: https://www.reichelt.de/batteriehalter-fuer-2-mignonzellen-aa--halter-2xaaz-p113169.html?&trstct=pos_0&nbc=1 | C66: =SUMPRODUCT(D66:Y66,D$2:Y$2) -> 1 | J66: 1
A67: Widerstand 47 Ohm | B67: https://www.reichelt.de/duennschichtwiderstand-axial-0-6-w-47-ohm-1--vi-mbb02070c4709-p233747.html?&trstct=pos_1&nbc=1 | C67: =SUMPRODUCT(D67:Y67,D$2:Y$2) -> 1 | J67: 1
A68: Schrumpfschlauch | B68: https://www.reichelt.de/schrumpfschlauch-sortiment-schwarz-100-teilig-delock-86271-p152924.html?search=Delock+86271 | C68: =SUMPRODUCT(D68:Y68,D$2:Y$2) -> 4 | H68: 1 | I68: 1 | J68: 1 | K68: 1 | L68: 1 | N68: 1
A69: Zwillingslitze | B69: https://www.reichelt.de/lautsprecherkabel-rot-schwarz-cu-10-m-la-205-10-p9813.html?&trstct=vrt_pdn&nbc=1 | C69: =SUMPRODUCT(D69:Y69,D$2:Y$2) -> 4 | H69: 1 | I69: 1 | J69: 1 | K69: 1 | L69: 1 | N69: 1
A70: Klebepad ~19mm^2 | B70: https://www.conrad.de/de/p/3m-vhb-5952f-5952f-193-doppelseitiges-klebeband-vhb-5952f-schwarz-l-x-b-3-m-x-19-mm-1-st-806742.html | C70: =SUMPRODUCT(D70:Y70,D$2:Y$2) -> 6 | M70: 1 | N70: 1 | O70: 1
A71: LED | B71: https://www.reichelt.de/led-5-mm-bedrahtet-gruen-43300-mcd-15--sloan-l5-g81n-gu-p230982.html?&trstct=pol_1&nbc=1 | C71: =SUMPRODUCT(D71:Y71,D$2:Y$2) -> 1 | I71: 1
A72: Widerstand 10 Ohm | B72: https://www.reichelt.de/duennschichtwiderstand-axial-0-6-w-10-ohm-1--vi-mbb02070c1009-p233671.html?&trstct=pos_14&nbc=1 | C72: =SUMPRODUCT(D72:Y72,D$2:Y$2) -> 1 | I72: 1
A73: Piezoelement | B73: https://www.reichelt.de/piezoelement-4-4-khz-200-ohm-bedrahtet-epz-27ms44w-p145918.html?&trstct=pos_4&nbc=1 | C73: =SUMPRODUCT(D73:Y73,D$2:Y$2) -> 1 | N73: 1
A74: Büschelstecker Schwarz | B74: https://www.reichelt.de/bueschelstecker-4mm-schwarz-bkl-072162-p235724.html?&trstct=pos_2&nbc=1 | C74: =SUMPRODUCT(D74:Y74,D$2:Y$2) -> 1 | N74: 1
A75: Büschelstecker Rot | B75: https://www.reichelt.de/bueschelstecker-4mm-rot-bkl-072164-p235726.html?&trstct=vrt_pdn&nbc=1 | C75: =SUMPRODUCT(D75:Y75,D$2:Y$2) -> 1 | N75: 1
A76: Gewindeeinsatz | B76: https://www.reichelt.de/3d-druck-gewindeeinsaetze-m3x5-7-100-stueck-rx-m3x5-7-p332213.html?&trstct=pos_4&nbc=1 | C76: =SUMPRODUCT(D76:Y76,D$2:Y$2) -> 30 | F76: 2 | G76: 2 | H76: 4 | I76: 4 | L76: 4 | M76: 3 | N76: 3 | O76: 3 | W76: 6
A77: Sekundenkleber | B77: https://www.reichelt.de/sekundenkleber-super-glue-140-schnell-aushaertend-20-g-wiko-sg140-20-p98444.html?&trstct=pos_5&nbc=1 | C77: =SUMPRODUCT(D77:Y77,D$2:Y$2) -> 2 | T77: 1 | V77: 1
A78: Spiralschlauch | B78: https://www.reichelt.de/spiralschlauch-3-25-mm-10-m-weiss-quad-2111c141-p332584.html | C78: =SUMPRODUCT(D78:Y78,D$2:Y$2) -> 3 | H78: 1 | I78: 1 | K78: 1 | L78: 1 | N78: 1
A79: Lötzinn | B79: https://www.reichelt.de/loetzinn-bleifrei-0-75-mm-250-g-lz-fe-csn-0-75-2-p141701.html?&trstct=pos_5&nbc=1 | C79: =SUMPRODUCT(D79:Y79,D$2:Y$2) -> 4 | H79: 1 | I79: 1 | J79: 1 | K79: 1 | L79: 1 | N79: 1
A80: Batterie - AA | B80: https://www.reichelt.de/red-alkaline-batterie-aa-mignon-4er-pack-ans-red-4xaa-p100558.html?&trstct=pos_6&nbc=1 | C80: =SUMPRODUCT(D80:Y80,D$2:Y$2) -> 2 | J80: 2
A81: Screentech
A82: Polfilterfolie 30mm x 30mm | B82: https://shop.webmart.de/44918/71168/357690/product.html | C82: =SUMPRODUCT(D82:Y82,D$2:Y$2) -> 5 | S82: 1
A83: Polfilterfolie 17mm x 17mm | B83: https://shop.webmart.de/44918/71168/357690/product.html | C83: =SUMPRODUCT(D83:Y83,D$2:Y$2) -> 0 | W83: 2 | X83: 2
A84: Astromedia.de
A85: Teildurchlässiger Vorderflächenspiegel | B85: https://astromedia.de/Teildurchlaessiger-Vorderflaechen-Glasspiegel-30x40mm | C85: =SUMPRODUCT(D85:Y85,D$2:Y$2) -> 2 | F85: 1 | G85: 1
A86: Vorderflächenspiegel | B86: https://astromedia.de/Vorderflaechen-Glasspiegel-22x22mm | C86: =SUMPRODUCT(D86:Y86,D$2:Y$2) -> 6 | M86: 1 | N86: 1 | O86: 1
A87: Linse, f=15mm | B87: https://astromedia.de/Opti-Media-OM2 | C87: =SUMPRODUCT(D87:Y87,D$2:Y$2) -> 1 | P87: 1
A88: Linse, f=26,5mm | B88: https://astromedia.de/Opti-MediaAchromat-51 | C88: =SUMPRODUCT(D88:Y88,D$2:Y$2) -> 1 | Q88: 1
A89: Linse, f=65mm | B89: https://astromedia.de/Opti-Media-Linse-OM5 | C89: =SUMPRODUCT(D89:Y89,D$2:Y$2) -> 1 | R89: 1
A90: Supermagnete.de
A91: Magnetkugel, 5mm | B91: https://www.supermagnete.de/magnetkugeln-neodym/magnetkugel-5mm_K-05-N | C91: =SUMPRODUCT(D91:Y91,D$2:Y$2) -> 0
A92: Alternative Magnetkugeln | B92: https://www.magnethandel.de/neocube-216-magnetkugeln-kugelmagnete-magnetset-nickel | C92: =SUMPRODUCT(D92:Y92,D$2:Y$2) -> 129 | D92: 96 | E92: 96 | H92: 4 | I92: 4 | L92: 4 | M92: 4 | N92: 4 | O92: 4 | T92: 1
A93: Schraubenhimmel.de
A94: Inbus, M3x12 | B94: https://www.schraubenhimmel.de/schrauben/zylinderkopf/metrisch-innensechskant/39228/din-912-stahl-8.8-verzinkt-m-3x12-zylinderschrauben-mit-innensechskant | C94: =SUMPRODUCT(D94:Y94,D$2:Y$2) -> 94 | F94: 6 | G94: 6 | H94: 6 | I94: 6 | J94: 4 | K94: 4 | L94: 5 | M94: 5 | N94: 5 | O94: 5 | P94: 4 | Q94: 4 | R94: 4 | S94: 4 | T94: 4 | W94: 6 | X94: 8
A95: Mutter, M3 | B95: https://www.schraubenhimmel.de/muttern/sechskantmuttern/normale-form/40146/din-934-stahl-6-verzinkt-m-3-sechskantmuttern | C95: =SUMPRODUCT(D95:Y95,D$2:Y$2) -> 17 | T95: 5 | U95: 4 | V95: 4 | X95: 4
A96: Mutter, M3, Selbstsichernd | B96: https://www.schraubenhimmel.de/muttern/sechskantmuttern/stopmuttern/mit-kunststoff-klemmteil/28174/din-985-stahl-6-verzinkt-m-3-sechskantmutter-mit-klemmteil-niedrige-form-kleinpaket | C96: =SUMPRODUCT(D96:Y96,D$2:Y$2) -> 16 | H96: 2 | I96: 2 | L96: 2 | M96: 2 | N96: 2 | O96: 2
A97: Außensechskant, M3x40 | B97: https://www.schraubenhimmel.de/schrauben/sechskantkopf/metrisch/95172/din-933/iso-4017-stahl-8.8-verzinkt-m-3x40-sechskantschrauben-vollgewinde | C97: =SUMPRODUCT(D97:Y97,D$2:Y$2) -> 16 | H97: 2 | I97: 2 | L97: 2 | M97: 2 | N97: 2 | O97: 2
A98: Kleinmaterial
A99: Klebeetikett - Skala | B99: Papier z.B.: https://www.bueromarkt-ag.de/universaletiketten_herma_4428_premium_weiss,p-4428.html?ref=da-variante | C99: =SUMPRODUCT(D99:Y99,D$2:Y$2) -> 5 | S99: 1
A101: Benötigt pro Experiment
A102: Michelson Interferometer | C102: =(Wunschliste!B3) -> 1 | D102: 1 | F102: 1 | H102: 1 | J102: 1 | M102: 2 | P102: 1 | U102: 1
...
